design_id,design_class,graph_path,spatial_path,timing_rpt_path,clock_target_ns,wns,tns,freq_mhz,slack_p0,slack_p10,slack_p50,slack_p90,violation_count,clock_period,mean_density,std_density,peak_density,hotspot_tile_count,utilization_estimate,max_fan_out,register_count,avg_path_depth,total_edges,node_count,edge_density,total_power,freq_mhz_label,cell_area
aes_cipher_fast,arithmetic,C:\Users\Owner\OneDrive - Transatlantic Business Consulting Inc\General - TB Consulting\OT-Humber\ML-Driven PPA Optimization\ppa_framework_extracted\ppa_framework\features\graph\aes_cipher_fast.pt,C:\Users\Owner\OneDrive - Transatlantic Business Consulting Inc\General - TB Consulting\OT-Humber\ML-Driven PPA Optimization\ppa_framework_extracted\ppa_framework\features\spatial\aes_cipher_fast.npy,C:\Users\Owner\OneDrive - Transatlantic Business Consulting Inc\General - TB Consulting\OT-Humber\ML-Driven PPA Optimization\ppa_framework_extracted\ppa_framework\data\reports\aes_cipher_fast\timing.rpt,2.0,-0.214,-0.617,451.67,-0.214,-0.2015,0.382,0.6345000000000001,3,2.0,0.01666666753590107,0.07637625932693481,1.0,476,0.0476,0,98,0.0,0,500,0.0,14.579,451.67,53009.8
aes_cipher_nominal,arithmetic,C:\Users\Owner\OneDrive - Transatlantic Business Consulting Inc\General - TB Consulting\OT-Humber\ML-Driven PPA Optimization\ppa_framework_extracted\ppa_framework\features\graph\aes_cipher_nominal.pt,C:\Users\Owner\OneDrive - Transatlantic Business Consulting Inc\General - TB Consulting\OT-Humber\ML-Driven PPA Optimization\ppa_framework_extracted\ppa_framework\features\spatial\aes_cipher_nominal.npy,C:\Users\Owner\OneDrive - Transatlantic Business Consulting Inc\General - TB Consulting\OT-Humber\ML-Driven PPA Optimization\ppa_framework_extracted\ppa_framework\data\reports\aes_cipher_nominal\timing.rpt,3.0,-0.013,-0.037,331.9,-0.013,-0.012,0.2405,1.131,3,3.0,0.02500000037252903,0.11302655190229416,1.0,482,0.0482,0,100,0.0,0,500,0.0,7.4303,331.9,40957.6
aes_cipher_relaxed,arithmetic,C:\Users\Owner\OneDrive - Transatlantic Business Consulting Inc\General - TB Consulting\OT-Humber\ML-Driven PPA Optimization\ppa_framework_extracted\ppa_framework\features\graph\aes_cipher_relaxed.pt,C:\Users\Owner\OneDrive - Transatlantic Business Consulting Inc\General - TB Consulting\OT-Humber\ML-Driven PPA Optimization\ppa_framework_extracted\ppa_framework\features\spatial\aes_cipher_relaxed.npy,C:\Users\Owner\OneDrive - Transatlantic Business Consulting Inc\General - TB Consulting\OT-Humber\ML-Driven PPA Optimization\ppa_framework_extracted\ppa_framework\data\reports\aes_cipher_relaxed\timing.rpt,4.0,0.075,0.0,250.0,0.075,0.1464,0.7,1.1461,0,4.0,0.02500000037252903,0.11258330196142197,1.0,484,0.0484,0,82,0.0,0,500,0.0,6.3673,250.0,36345.0
sha256_fast,arithmetic,C:\Users\Owner\OneDrive - Transatlantic Business Consulting Inc\General - TB Consulting\OT-Humber\ML-Driven PPA Optimization\ppa_framework_extracted\ppa_framework\features\graph\sha256_fast.pt,C:\Users\Owner\OneDrive - Transatlantic Business Consulting Inc\General - TB Consulting\OT-Humber\ML-Driven PPA Optimization\ppa_framework_extracted\ppa_framework\features\spatial\sha256_fast.npy,C:\Users\Owner\OneDrive - Transatlantic Business Consulting Inc\General - TB Consulting\OT-Humber\ML-Driven PPA Optimization\ppa_framework_extracted\ppa_framework\data\reports\sha256_fast\timing.rpt,2.0,-0.159,-0.764,463.18,-0.159,-0.154,0.467,0.6964,5,2.0,0.01666666753590107,0.07593856751918793,1.0,480,0.048,0,101,0.0,0,500,0.0,20.582,463.18,68522.8
sha256_nominal,arithmetic,C:\Users\Owner\OneDrive - Transatlantic Business Consulting Inc\General - TB Consulting\OT-Humber\ML-Driven PPA Optimization\ppa_framework_extracted\ppa_framework\features\graph\sha256_nominal.pt,C:\Users\Owner\OneDrive - Transatlantic Business Consulting Inc\General - TB Consulting\OT-Humber\ML-Driven PPA Optimization\ppa_framework_extracted\ppa_framework\features\spatial\sha256_nominal.npy,C:\Users\Owner\OneDrive - Transatlantic Business Consulting Inc\General - TB Consulting\OT-Humber\ML-Driven PPA Optimization\ppa_framework_extracted\ppa_framework\data\reports\sha256_nominal\timing.rpt,3.0,-0.041,-0.041,328.84,-0.041,0.1953,0.5195000000000001,1.0556999999999999,1,3.0,0.02500000037252903,0.11346805840730667,1.0,480,0.048,0,86,0.0,0,500,0.0,13.114,328.84,55673.4
sha256_relaxed,arithmetic,C:\Users\Owner\OneDrive - Transatlantic Business Consulting Inc\General - TB Consulting\OT-Humber\ML-Driven PPA Optimization\ppa_framework_extracted\ppa_framework\features\graph\sha256_relaxed.pt,C:\Users\Owner\OneDrive - Transatlantic Business Consulting Inc\General - TB Consulting\OT-Humber\ML-Driven PPA Optimization\ppa_framework_extracted\ppa_framework\features\spatial\sha256_relaxed.npy,C:\Users\Owner\OneDrive - Transatlantic Business Consulting Inc\General - TB Consulting\OT-Humber\ML-Driven PPA Optimization\ppa_framework_extracted\ppa_framework\data\reports\sha256_relaxed\timing.rpt,4.0,-0.037,-0.06,247.71,-0.037,0.11440000000000003,0.851,1.1944,2,4.0,0.02500000037252903,0.11456438899040222,1.0,475,0.0475,0,88,0.0,0,500,0.0,8.0982,247.71,50222.5
fpu_fast,arithmetic,C:\Users\Owner\OneDrive - Transatlantic Business Consulting Inc\General - TB Consulting\OT-Humber\ML-Driven PPA Optimization\ppa_framework_extracted\ppa_framework\features\graph\fpu_fast.pt,C:\Users\Owner\OneDrive - Transatlantic Business Consulting Inc\General - TB Consulting\OT-Humber\ML-Driven PPA Optimization\ppa_framework_extracted\ppa_framework\features\spatial\fpu_fast.npy,C:\Users\Owner\OneDrive - Transatlantic Business Consulting Inc\General - TB Consulting\OT-Humber\ML-Driven PPA Optimization\ppa_framework_extracted\ppa_framework\data\reports\fpu_fast\timing.rpt,2.0,-0.1,-0.357,476.19,-0.1,-0.0828,0.253,0.6861,4,2.0,0.02500000037252903,0.11412712186574936,1.0,477,0.0477,0,83,0.0,0,500,0.0,21.64,476.19,94432.4
fpu_nominal,arithmetic,C:\Users\Owner\OneDrive - Transatlantic Business Consulting Inc\General - TB Consulting\OT-Humber\ML-Driven PPA Optimization\ppa_framework_extracted\ppa_framework\features\graph\fpu_nominal.pt,C:\Users\Owner\OneDrive - Transatlantic Business Consulting Inc\General - TB Consulting\OT-Humber\ML-Driven PPA Optimization\ppa_framework_extracted\ppa_framework\features\spatial\fpu_nominal.npy,C:\Users\Owner\OneDrive - Transatlantic Business Consulting Inc\General - TB Consulting\OT-Humber\ML-Driven PPA Optimization\ppa_framework_extracted\ppa_framework\data\reports\fpu_nominal\timing.rpt,3.0,0.053,0.0,333.33,0.053,0.0984,0.5915,1.0934000000000001,0,3.0,0.02500000037252903,0.1143459677696228,1.0,476,0.0476,0,103,0.0,0,500,0.0,18.558999999999997,333.33,93479.2
fpu_relaxed,arithmetic,C:\Users\Owner\OneDrive - Transatlantic Business Consulting Inc\General - TB Consulting\OT-Humber\ML-Driven PPA Optimization\ppa_framework_extracted\ppa_framework\features\graph\fpu_relaxed.pt,C:\Users\Owner\OneDrive - Transatlantic Business Consulting Inc\General - TB Consulting\OT-Humber\ML-Driven PPA Optimization\ppa_framework_extracted\ppa_framework\features\spatial\fpu_relaxed.npy,C:\Users\Owner\OneDrive - Transatlantic Business Consulting Inc\General - TB Consulting\OT-Humber\ML-Driven PPA Optimization\ppa_framework_extracted\ppa_framework\data\reports\fpu_relaxed\timing.rpt,4.0,-0.044,-0.044,247.28,-0.044,0.0934,0.567,1.1932,1,4.0,0.02500000037252903,0.11191514134407043,1.0,487,0.0487,0,98,0.0,0,500,0.0,13.15,247.28,62014.5
multiplier_32b_fast,arithmetic,C:\Users\Owner\OneDrive - Transatlantic Business Consulting Inc\General - TB Consulting\OT-Humber\ML-Driven PPA Optimization\ppa_framework_extracted\ppa_framework\features\graph\multiplier_32b_fast.pt,C:\Users\Owner\OneDrive - Transatlantic Business Consulting Inc\General - TB Consulting\OT-Humber\ML-Driven PPA Optimization\ppa_framework_extracted\ppa_framework\features\spatial\multiplier_32b_fast.npy,C:\Users\Owner\OneDrive - Transatlantic Business Consulting Inc\General - TB Consulting\OT-Humber\ML-Driven PPA Optimization\ppa_framework_extracted\ppa_framework\data\reports\multiplier_32b_fast\timing.rpt,2.0,-0.001,-0.003,499.75,-0.001,-0.001,0.34099999999999997,0.6681000000000001,4,2.0,0.01666666753590107,0.07505553960800171,1.0,485,0.0485,0,102,0.0,0,500,0.0,9.9892,499.75,45072.8
multiplier_32b_nominal,arithmetic,C:\Users\Owner\OneDrive - Transatlantic Business Consulting Inc\General - TB Consulting\OT-Humber\ML-Driven PPA Optimization\ppa_framework_extracted\ppa_framework\features\graph\multiplier_32b_nominal.pt,C:\Users\Owner\OneDrive - Transatlantic Business Consulting Inc\General - TB Consulting\OT-Humber\ML-Driven PPA Optimization\ppa_framework_extracted\ppa_framework\features\spatial\multiplier_32b_nominal.npy,C:\Users\Owner\OneDrive - Transatlantic Business Consulting Inc\General - TB Consulting\OT-Humber\ML-Driven PPA Optimization\ppa_framework_extracted\ppa_framework\data\reports\multiplier_32b_nominal\timing.rpt,3.0,-0.015,-0.067,331.67,-0.015,-0.0126,0.673,1.1028,5,3.0,0.02500000037252903,0.1152171865105629,1.0,472,0.0472,0,96,0.0,0,500,0.0,6.065799999999999,331.67,37406.6
multiplier_32b_relaxed,arithmetic,C:\Users\Owner\OneDrive - Transatlantic Business Consulting Inc\General - TB Consulting\OT-Humber\ML-Driven PPA Optimization\ppa_framework_extracted\ppa_framework\features\graph\multiplier_32b_relaxed.pt,C:\Users\Owner\OneDrive - Transatlantic Business Consulting Inc\General - TB Consulting\OT-Humber\ML-Driven PPA Optimization\ppa_framework_extracted\ppa_framework\features\spatial\multiplier_32b_relaxed.npy,C:\Users\Owner\OneDrive - Transatlantic Business Consulting Inc\General - TB Consulting\OT-Humber\ML-Driven PPA Optimization\ppa_framework_extracted\ppa_framework\data\reports\multiplier_32b_relaxed\timing.rpt,4.0,0.007,0.0,250.0,0.007,0.058,0.691,1.14,0,4.0,0.02500000037252903,0.1121383085846901,1.0,486,0.0486,0,84,0.0,0,500,0.0,3.7483999999999997,250.0,24545.6
adder_tree_64_fast,arithmetic,C:\Users\Owner\OneDrive - Transatlantic Business Consulting Inc\General - TB Consulting\OT-Humber\ML-Driven PPA Optimization\ppa_framework_extracted\ppa_framework\features\graph\adder_tree_64_fast.pt,C:\Users\Owner\OneDrive - Transatlantic Business Consulting Inc\General - TB Consulting\OT-Humber\ML-Driven PPA Optimization\ppa_framework_extracted\ppa_framework\features\spatial\adder_tree_64_fast.npy,C:\Users\Owner\OneDrive - Transatlantic Business Consulting Inc\General - TB Consulting\OT-Humber\ML-Driven PPA Optimization\ppa_framework_extracted\ppa_framework\data\reports\adder_tree_64_fast\timing.rpt,2.0,-0.065,-0.184,484.26,-0.065,-0.0595,0.4685,0.64,3,2.0,0.01666666753590107,0.0771002322435379,1.0,471,0.0471,0,108,0.0,0,500,0.0,5.4147,484.26,23916.5
adder_tree_64_nominal,arithmetic,C:\Users\Owner\OneDrive - Transatlantic Business Consulting Inc\General - TB Consulting\OT-Humber\ML-Driven PPA Optimization\ppa_framework_extracted\ppa_framework\features\graph\adder_tree_64_nominal.pt,C:\Users\Owner\OneDrive - Transatlantic Business Consulting Inc\General - TB Consulting\OT-Humber\ML-Driven PPA Optimization\ppa_framework_extracted\ppa_framework\features\spatial\adder_tree_64_nominal.npy,C:\Users\Owner\OneDrive - Transatlantic Business Consulting Inc\General - TB Consulting\OT-Humber\ML-Driven PPA Optimization\ppa_framework_extracted\ppa_framework\data\reports\adder_tree_64_nominal\timing.rpt,3.0,-0.006,-0.006,332.67,-0.006,0.057499999999999996,0.472,1.052,1,3.0,0.01666666753590107,0.07738791406154633,1.0,470,0.047,0,79,0.0,0,500,0.0,3.1803999999999997,332.67,23284.4
adder_tree_64_relaxed,arithmetic,C:\Users\Owner\OneDrive - Transatlantic Business Consulting Inc\General - TB Consulting\OT-Humber\ML-Driven PPA Optimization\ppa_framework_extracted\ppa_framework\features\graph\adder_tree_64_relaxed.pt,C:\Users\Owner\OneDrive - Transatlantic Business Consulting Inc\General - TB Consulting\OT-Humber\ML-Driven PPA Optimization\ppa_framework_extracted\ppa_framework\features\spatial\adder_tree_64_relaxed.npy,C:\Users\Owner\OneDrive - Transatlantic Business Consulting Inc\General - TB Consulting\OT-Humber\ML-Driven PPA Optimization\ppa_framework_extracted\ppa_framework\data\reports\adder_tree_64_relaxed\timing.rpt,4.0,0.031,0.0,250.0,0.031,0.0668,0.669,1.227,0,4.0,0.01666666753590107,0.07535102963447571,1.0,483,0.0483,0,90,0.0,0,500,0.0,2.7531,250.0,15616.2
cordic_pipeline_fast,arithmetic,C:\Users\Owner\OneDrive - Transatlantic Business Consulting Inc\General - TB Consulting\OT-Humber\ML-Driven PPA Optimization\ppa_framework_extracted\ppa_framework\features\graph\cordic_pipeline_fast.pt,C:\Users\Owner\OneDrive - Transatlantic Business Consulting Inc\General - TB Consulting\OT-Humber\ML-Driven PPA Optimization\ppa_framework_extracted\ppa_framework\features\spatial\cordic_pipeline_fast.npy,C:\Users\Owner\OneDrive - Transatlantic Business Consulting Inc\General - TB Consulting\OT-Humber\ML-Driven PPA Optimization\ppa_framework_extracted\ppa_framework\data\reports\cordic_pipeline_fast\timing.rpt,2.0,-0.114,-0.397,473.04,-0.114,-0.087,0.245,0.695,4,2.0,0.01666666753590107,0.0771002247929573,1.0,471,0.0471,0,92,0.0,0,500,0.0,13.979999999999999,473.04,55848.7
cordic_pipeline_nominal,arithmetic,C:\Users\Owner\OneDrive - Transatlantic Business Consulting Inc\General - TB Consulting\OT-Humber\ML-Driven PPA Optimization\ppa_framework_extracted\ppa_framework\features\graph\cordic_pipeline_nominal.pt,C:\Users\Owner\OneDrive - Transatlantic Business Consulting Inc\General - TB Consulting\OT-Humber\ML-Driven PPA Optimization\ppa_framework_extracted\ppa_framework\features\spatial\cordic_pipeline_nominal.npy,C:\Users\Owner\OneDrive - Transatlantic Business Consulting Inc\General - TB Consulting\OT-Humber\ML-Driven PPA Optimization\ppa_framework_extracted\ppa_framework\data\reports\cordic_pipeline_nominal\timing.rpt,3.0,0.011,0.0,333.33,0.011,0.06280000000000001,0.418,0.9794,0,3.0,0.02500000037252903,0.1154339611530304,1.0,471,0.0471,0,88,0.0,0,500,0.0,9.3586,333.33,49632.3
cordic_pipeline_relaxed,arithmetic,C:\Users\Owner\OneDrive - Transatlantic Business Consulting Inc\General - TB Consulting\OT-Humber\ML-Driven PPA Optimization\ppa_framework_extracted\ppa_framework\features\graph\cordic_pipeline_relaxed.pt,C:\Users\Owner\OneDrive - Transatlantic Business Consulting Inc\General - TB Consulting\OT-Humber\ML-Driven PPA Optimization\ppa_framework_extracted\ppa_framework\features\spatial\cordic_pipeline_relaxed.npy,C:\Users\Owner\OneDrive - Transatlantic Business Consulting Inc\General - TB Consulting\OT-Humber\ML-Driven PPA Optimization\ppa_framework_extracted\ppa_framework\data\reports\cordic_pipeline_relaxed\timing.rpt,4.0,0.113,0.0,250.0,0.113,0.221,1.06,1.4151,0,4.0,0.02500000037252903,0.11324751377105713,1.0,481,0.0481,0,93,0.0,0,500,0.0,7.51,250.0,42532.7
uart_controller_fast,control,C:\Users\Owner\OneDrive - Transatlantic Business Consulting Inc\General - TB Consulting\OT-Humber\ML-Driven PPA Optimization\ppa_framework_extracted\ppa_framework\features\graph\uart_controller_fast.pt,C:\Users\Owner\OneDrive - Transatlantic Business Consulting Inc\General - TB Consulting\OT-Humber\ML-Driven PPA Optimization\ppa_framework_extracted\ppa_framework\features\spatial\uart_controller_fast.npy,C:\Users\Owner\OneDrive - Transatlantic Business Consulting Inc\General - TB Consulting\OT-Humber\ML-Driven PPA Optimization\ppa_framework_extracted\ppa_framework\data\reports\uart_controller_fast\timing.rpt,2.0,-0.062,-0.29,484.97,-0.062,-0.055799999999999995,0.32,0.6134000000000002,5,2.0,0.02500000037252903,0.11368817090988159,1.0,479,0.0479,0,90,0.0,0,500,0.0,3.3478000000000003,484.97,17953.7
uart_controller_nominal,control,C:\Users\Owner\OneDrive - Transatlantic Business Consulting Inc\General - TB Consulting\OT-Humber\ML-Driven PPA Optimization\ppa_framework_extracted\ppa_framework\features\graph\uart_controller_nominal.pt,C:\Users\Owner\OneDrive - Transatlantic Business Consulting Inc\General - TB Consulting\OT-Humber\ML-Driven PPA Optimization\ppa_framework_extracted\ppa_framework\features\spatial\uart_controller_nominal.npy,C:\Users\Owner\OneDrive - Transatlantic Business Consulting Inc\General - TB Consulting\OT-Humber\ML-Driven PPA Optimization\ppa_framework_extracted\ppa_framework\data\reports\uart_controller_nominal\timing.rpt,3.0,-0.022,-0.022,330.91,-0.022,0.13319999999999999,0.534,1.0244,1,3.0,0.02500000037252903,0.11280514299869537,1.0,483,0.0483,0,87,0.0,0,500,0.0,2.3024999999999998,330.91,16140.5
uart_controller_relaxed,control,C:\Users\Owner\OneDrive - Transatlantic Business Consulting Inc\General - TB Consulting\OT-Humber\ML-Driven PPA Optimization\ppa_framework_extracted\ppa_framework\features\graph\uart_controller_relaxed.pt,C:\Users\Owner\OneDrive - Transatlantic Business Consulting Inc\General - TB Consulting\OT-Humber\ML-Driven PPA Optimization\ppa_framework_extracted\ppa_framework\features\spatial\uart_controller_relaxed.npy,C:\Users\Owner\OneDrive - Transatlantic Business Consulting Inc\General - TB Consulting\OT-Humber\ML-Driven PPA Optimization\ppa_framework_extracted\ppa_framework\data\reports\uart_controller_relaxed\timing.rpt,4.0,-0.045,-0.045,247.22,-0.045,0.1,0.514,1.363,1,4.0,0.02500000037252903,0.11146748065948486,1.0,489,0.0489,0,95,0.0,0,500,0.0,1.2708000000000002,247.22,12307.4
spi_master_fast,control,C:\Users\Owner\OneDrive - Transatlantic Business Consulting Inc\General - TB Consulting\OT-Humber\ML-Driven PPA Optimization\ppa_framework_extracted\ppa_framework\features\graph\spi_master_fast.pt,C:\Users\Owner\OneDrive - Transatlantic Business Consulting Inc\General - TB Consulting\OT-Humber\ML-Driven PPA Optimization\ppa_framework_extracted\ppa_framework\features\spatial\spi_master_fast.npy,C:\Users\Owner\OneDrive - Transatlantic Business Consulting Inc\General - TB Consulting\OT-Humber\ML-Driven PPA Optimization\ppa_framework_extracted\ppa_framework\data\reports\spi_master_fast\timing.rpt,2.0,-0.287,-1.029,437.25,-0.287,-0.2454,0.3315,0.7172999999999999,4,2.0,0.01666666753590107,0.07637625932693481,1.0,477,0.0477,0,89,0.0,0,500,0.0,4.646100000000001,437.25,20390.2
spi_master_nominal,control,C:\Users\Owner\OneDrive - Transatlantic Business Consulting Inc\General - TB Consulting\OT-Humber\ML-Driven PPA Optimization\ppa_framework_extracted\ppa_framework\features\graph\spi_master_nominal.pt,C:\Users\Owner\OneDrive - Transatlantic Business Consulting Inc\General - TB Consulting\OT-Humber\ML-Driven PPA Optimization\ppa_framework_extracted\ppa_framework\features\spatial\spi_master_nominal.npy,C:\Users\Owner\OneDrive - Transatlantic Business Consulting Inc\General - TB Consulting\OT-Humber\ML-Driven PPA Optimization\ppa_framework_extracted\ppa_framework\data\reports\spi_master_nominal\timing.rpt,3.0,-0.025,-0.025,330.58,-0.025,0.1656,0.433,1.0826000000000002,1,3.0,0.02500000037252903,0.11412712186574936,1.0,477,0.0477,0,100,0.0,0,500,0.0,3.3408,330.58,18901.9
spi_master_relaxed,control,C:\Users\Owner\OneDrive - Transatlantic Business Consulting Inc\General - TB Consulting\OT-Humber\ML-Driven PPA Optimization\ppa_framework_extracted\ppa_framework\features\graph\spi_master_relaxed.pt,C:\Users\Owner\OneDrive - Transatlantic Business Consulting Inc\General - TB Consulting\OT-Humber\ML-Driven PPA Optimization\ppa_framework_extracted\ppa_framework\features\spatial\spi_master_relaxed.npy,C:\Users\Owner\OneDrive - Transatlantic Business Consulting Inc\General - TB Consulting\OT-Humber\ML-Driven PPA Optimization\ppa_framework_extracted\ppa_framework\data\reports\spi_master_relaxed\timing.rpt,4.0,0.062,0.0,250.0,0.062,0.1022,0.899,1.4028,0,4.0,0.02500000037252903,0.11280514299869537,1.0,483,0.0483,0,96,0.0,0,500,0.0,2.1619,250.0,14158.4
i2c_master_fast,control,C:\Users\Owner\OneDrive - Transatlantic Business Consulting Inc\General - TB Consulting\OT-Humber\ML-Driven PPA Optimization\ppa_framework_extracted\ppa_framework\features\graph\i2c_master_fast.pt,C:\Users\Owner\OneDrive - Transatlantic Business Consulting Inc\General - TB Consulting\OT-Humber\ML-Driven PPA Optimization\ppa_framework_extracted\ppa_framework\features\spatial\i2c_master_fast.npy,C:\Users\Owner\OneDrive - Transatlantic Business Consulting Inc\General - TB Consulting\OT-Humber\ML-Driven PPA Optimization\ppa_framework_extracted\ppa_framework\data\reports\i2c_master_fast\timing.rpt,2.0,-0.131,-0.263,469.26,-0.131,-0.11039999999999998,0.2625,0.7387,2,2.0,0.01666666753590107,0.07666666805744171,1.0,475,0.0475,0,91,0.0,0,500,0.0,2.6219,469.26,14503.2
i2c_master_nominal,control,C:\Users\Owner\OneDrive - Transatlantic Business Consulting Inc\General - TB Consulting\OT-Humber\ML-Driven PPA Optimization\ppa_framework_extracted\ppa_framework\features\graph\i2c_master_nominal.pt,C:\Users\Owner\OneDrive - Transatlantic Business Consulting Inc\General - TB Consulting\OT-Humber\ML-Driven PPA Optimization\ppa_framework_extracted\ppa_framework\features\spatial\i2c_master_nominal.npy,C:\Users\Owner\OneDrive - Transatlantic Business Consulting Inc\General - TB Consulting\OT-Humber\ML-Driven PPA Optimization\ppa_framework_extracted\ppa_framework\data\reports\i2c_master_nominal\timing.rpt,3.0,-0.005,-0.005,332.78,-0.005,0.07520000000000002,0.722,1.0276,1,3.0,0.02500000037252903,0.1147824078798294,1.0,474,0.0474,0,82,0.0,0,500,0.0,1.2228,332.78,13219.0
i2c_master_relaxed,control,C:\Users\Owner\OneDrive - Transatlantic Business Consulting Inc\General - TB Consulting\OT-Humber\ML-Driven PPA Optimization\ppa_framework_extracted\ppa_framework\features\graph\i2c_master_relaxed.pt,C:\Users\Owner\OneDrive - Transatlantic Business Consulting Inc\General - TB Consulting\OT-Humber\ML-Driven PPA Optimization\ppa_framework_extracted\ppa_framework\features\spatial\i2c_master_relaxed.npy,C:\Users\Owner\OneDrive - Transatlantic Business Consulting Inc\General - TB Consulting\OT-Humber\ML-Driven PPA Optimization\ppa_framework_extracted\ppa_framework\data\reports\i2c_master_relaxed\timing.rpt,4.0,-0.048,-0.048,247.04,-0.048,0.07479999999999999,0.842,1.4614,1,4.0,0.022749999538064003,0.10727272182703018,1.0,442,0.0442,0,93,0.0,0,455,0.0,1.2254,247.04,8468.6
can_controller_fast,control,C:\Users\Owner\OneDrive - Transatlantic Business Consulting Inc\General - TB Consulting\OT-Humber\ML-Driven PPA Optimization\ppa_framework_extracted\ppa_framework\features\graph\can_controller_fast.pt,C:\Users\Owner\OneDrive - Transatlantic Business Consulting Inc\General - TB Consulting\OT-Humber\ML-Driven PPA Optimization\ppa_framework_extracted\ppa_framework\features\spatial\can_controller_fast.npy,C:\Users\Owner\OneDrive - Transatlantic Business Consulting Inc\General - TB Consulting\OT-Humber\ML-Driven PPA Optimization\ppa_framework_extracted\ppa_framework\data\reports\can_controller_fast\timing.rpt,2.0,-0.168,-0.459,461.25,-0.168,-0.1468,0.338,0.6618,3,2.0,0.012500000186264515,0.0573912039399147,1.0,477,0.0477,0,99,0.0,0,500,0.0,6.4745,461.25,31283.6
can_controller_nominal,control,C:\Users\Owner\OneDrive - Transatlantic Business Consulting Inc\General - TB Consulting\OT-Humber\ML-Driven PPA Optimization\ppa_framework_extracted\ppa_framework\features\graph\can_controller_nominal.pt,C:\Users\Owner\OneDrive - Transatlantic Business Consulting Inc\General - TB Consulting\OT-Humber\ML-Driven PPA Optimization\ppa_framework_extracted\ppa_framework\features\spatial\can_controller_nominal.npy,C:\Users\Owner\OneDrive - Transatlantic Business Consulting Inc\General - TB Consulting\OT-Humber\ML-Driven PPA Optimization\ppa_framework_extracted\ppa_framework\data\reports\can_controller_nominal\timing.rpt,3.0,-0.012,-0.012,332.01,-0.012,0.122,0.504,0.86,1,3.0,0.01666666753590107,0.07637625932693481,1.0,476,0.0476,0,109,0.0,0,500,0.0,5.0185,332.01,25938.4
can_controller_relaxed,control,C:\Users\Owner\OneDrive - Transatlantic Business Consulting Inc\General - TB Consulting\OT-Humber\ML-Driven PPA Optimization\ppa_framework_extracted\ppa_framework\features\graph\can_controller_relaxed.pt,C:\Users\Owner\OneDrive - Transatlantic Business Consulting Inc\General - TB Consulting\OT-Humber\ML-Driven PPA Optimization\ppa_framework_extracted\ppa_framework\features\spatial\can_controller_relaxed.npy,C:\Users\Owner\OneDrive - Transatlantic Business Consulting Inc\General - TB Consulting\OT-Humber\ML-Driven PPA Optimization\ppa_framework_extracted\ppa_framework\data\reports\can_controller_relaxed\timing.rpt,4.0,-0.029,-0.058,248.2,-0.029,0.008800000000000006,0.4025,1.2897000000000003,2,4.0,0.02500000037252903,0.11146748065948486,1.0,489,0.0489,0,91,0.0,0,500,0.0,2.5921,248.2,20699.9
ethernet_mac_fast,control,C:\Users\Owner\OneDrive - Transatlantic Business Consulting Inc\General - TB Consulting\OT-Humber\ML-Driven PPA Optimization\ppa_framework_extracted\ppa_framework\features\graph\ethernet_mac_fast.pt,C:\Users\Owner\OneDrive - Transatlantic Business Consulting Inc\General - TB Consulting\OT-Humber\ML-Driven PPA Optimization\ppa_framework_extracted\ppa_framework\features\spatial\ethernet_mac_fast.npy,C:\Users\Owner\OneDrive - Transatlantic Business Consulting Inc\General - TB Consulting\OT-Humber\ML-Driven PPA Optimization\ppa_framework_extracted\ppa_framework\data\reports\ethernet_mac_fast\timing.rpt,2.0,-0.153,-0.732,464.47,-0.153,-0.1436,0.25,0.6942000000000002,5,2.0,0.01666666753590107,0.07623064517974854,1.0,477,0.0477,0,92,0.0,0,500,0.0,18.123,464.47,67581.3
ethernet_mac_nominal,control,C:\Users\Owner\OneDrive - Transatlantic Business Consulting Inc\General - TB Consulting\OT-Humber\ML-Driven PPA Optimization\ppa_framework_extracted\ppa_framework\features\graph\ethernet_mac_nominal.pt,C:\Users\Owner\OneDrive - Transatlantic Business Consulting Inc\General - TB Consulting\OT-Humber\ML-Driven PPA Optimization\ppa_framework_extracted\ppa_framework\features\spatial\ethernet_mac_nominal.npy,C:\Users\Owner\OneDrive - Transatlantic Business Consulting Inc\General - TB Consulting\OT-Humber\ML-Driven PPA Optimization\ppa_framework_extracted\ppa_framework\data\reports\ethernet_mac_nominal\timing.rpt,3.0,0.066,0.0,333.33,0.066,0.1237,0.46199999999999997,1.1123,0,3.0,0.02500000037252903,0.11280513554811478,1.0,483,0.0483,0,105,0.0,0,500,0.0,9.6226,333.33,57609.7
ethernet_mac_relaxed,control,C:\Users\Owner\OneDrive - Transatlantic Business Consulting Inc\General - TB Consulting\OT-Humber\ML-Driven PPA Optimization\ppa_framework_extracted\ppa_framework\features\graph\ethernet_mac_relaxed.pt,C:\Users\Owner\OneDrive - Transatlantic Business Consulting Inc\General - TB Consulting\OT-Humber\ML-Driven PPA Optimization\ppa_framework_extracted\ppa_framework\features\spatial\ethernet_mac_relaxed.npy,C:\Users\Owner\OneDrive - Transatlantic Business Consulting Inc\General - TB Consulting\OT-Humber\ML-Driven PPA Optimization\ppa_framework_extracted\ppa_framework\data\reports\ethernet_mac_relaxed\timing.rpt,4.0,-0.047,-0.047,247.1,-0.047,0.13580000000000003,0.407,1.1804000000000001,1,4.0,0.02500000037252903,0.11169154196977615,1.0,488,0.0488,0,95,0.0,0,500,0.0,7.6172,247.1,38997.7
pcie_link_fast,control,C:\Users\Owner\OneDrive - Transatlantic Business Consulting Inc\General - TB Consulting\OT-Humber\ML-Driven PPA Optimization\ppa_framework_extracted\ppa_framework\features\graph\pcie_link_fast.pt,C:\Users\Owner\OneDrive - Transatlantic Business Consulting Inc\General - TB Consulting\OT-Humber\ML-Driven PPA Optimization\ppa_framework_extracted\ppa_framework\features\spatial\pcie_link_fast.npy,C:\Users\Owner\OneDrive - Transatlantic Business Consulting Inc\General - TB Consulting\OT-Humber\ML-Driven PPA Optimization\ppa_framework_extracted\ppa_framework\data\reports\pcie_link_fast\timing.rpt,2.0,-0.198,-0.751,454.96,-0.198,-0.189,0.319,0.656,4,2.0,0.01666666753590107,0.07738791406154633,1.0,470,0.047,0,98,0.0,0,500,0.0,11.174,454.96,54691.7
pcie_link_nominal,control,C:\Users\Owner\OneDrive - Transatlantic Business Consulting Inc\General - TB Consulting\OT-Humber\ML-Driven PPA Optimization\ppa_framework_extracted\ppa_framework\features\graph\pcie_link_nominal.pt,C:\Users\Owner\OneDrive - Transatlantic Business Consulting Inc\General - TB Consulting\OT-Humber\ML-Driven PPA Optimization\ppa_framework_extracted\ppa_framework\features\spatial\pcie_link_nominal.npy,C:\Users\Owner\OneDrive - Transatlantic Business Consulting Inc\General - TB Consulting\OT-Humber\ML-Driven PPA Optimization\ppa_framework_extracted\ppa_framework\data\reports\pcie_link_nominal\timing.rpt,3.0,-0.065,-0.289,326.26,-0.065,-0.0545,0.3285,1.073,5,3.0,0.02500000037252903,0.11280514299869537,1.0,483,0.0483,0,102,0.0,0,500,0.0,7.9001,326.26,44949.2
pcie_link_relaxed,control,C:\Users\Owner\OneDrive - Transatlantic Business Consulting Inc\General - TB Consulting\OT-Humber\ML-Driven PPA Optimization\ppa_framework_extracted\ppa_framework\features\graph\pcie_link_relaxed.pt,C:\Users\Owner\OneDrive - Transatlantic Business Consulting Inc\General - TB Consulting\OT-Humber\ML-Driven PPA Optimization\ppa_framework_extracted\ppa_framework\features\spatial\pcie_link_relaxed.npy,C:\Users\Owner\OneDrive - Transatlantic Business Consulting Inc\General - TB Consulting\OT-Humber\ML-Driven PPA Optimization\ppa_framework_extracted\ppa_framework\data\reports\pcie_link_relaxed\timing.rpt,4.0,-0.012,-0.012,249.25,-0.012,0.0442,0.809,1.4488,1,4.0,0.01666666753590107,0.07564537227153778,1.0,481,0.0481,0,105,0.0,0,500,0.0,6.771400000000001,249.25,34919.3
ibex_cpu_fast,cpu,C:\Users\Owner\OneDrive - Transatlantic Business Consulting Inc\General - TB Consulting\OT-Humber\ML-Driven PPA Optimization\ppa_framework_extracted\ppa_framework\features\graph\ibex_cpu_fast.pt,C:\Users\Owner\OneDrive - Transatlantic Business Consulting Inc\General - TB Consulting\OT-Humber\ML-Driven PPA Optimization\ppa_framework_extracted\ppa_framework\features\spatial\ibex_cpu_fast.npy,C:\Users\Owner\OneDrive - Transatlantic Business Consulting Inc\General - TB Consulting\OT-Humber\ML-Driven PPA Optimization\ppa_framework_extracted\ppa_framework\data\reports\ibex_cpu_fast\timing.rpt,2.0,-0.19,-0.543,456.62,-0.19,-0.1765,0.35350000000000004,0.6475,3,2.0,0.02500000037252903,0.11412712186574936,1.0,477,0.0477,0,94,0.0,0,500,0.0,22.943,456.62,125299.1
ibex_cpu_nominal,cpu,C:\Users\Owner\OneDrive - Transatlantic Business Consulting Inc\General - TB Consulting\OT-Humber\ML-Driven PPA Optimization\ppa_framework_extracted\ppa_framework\features\graph\ibex_cpu_nominal.pt,C:\Users\Owner\OneDrive - Transatlantic Business Consulting Inc\General - TB Consulting\OT-Humber\ML-Driven PPA Optimization\ppa_framework_extracted\ppa_framework\features\spatial\ibex_cpu_nominal.npy,C:\Users\Owner\OneDrive - Transatlantic Business Consulting Inc\General - TB Consulting\OT-Humber\ML-Driven PPA Optimization\ppa_framework_extracted\ppa_framework\data\reports\ibex_cpu_nominal\timing.rpt,3.0,-0.009,-0.009,332.34,-0.009,0.139,0.762,1.015,1,3.0,0.02500000037252903,0.11302654445171356,1.0,482,0.0482,0,108,0.0,0,500,0.0,20.817,332.34,110733.9
ibex_cpu_relaxed,cpu,C:\Users\Owner\OneDrive - Transatlantic Business Consulting Inc\General - TB Consulting\OT-Humber\ML-Driven PPA Optimization\ppa_framework_extracted\ppa_framework\features\graph\ibex_cpu_relaxed.pt,C:\Users\Owner\OneDrive - Transatlantic Business Consulting Inc\General - TB Consulting\OT-Humber\ML-Driven PPA Optimization\ppa_framework_extracted\ppa_framework\features\spatial\ibex_cpu_relaxed.npy,C:\Users\Owner\OneDrive - Transatlantic Business Consulting Inc\General - TB Consulting\OT-Humber\ML-Driven PPA Optimization\ppa_framework_extracted\ppa_framework\data\reports\ibex_cpu_relaxed\timing.rpt,4.0,0.149,0.0,250.0,0.149,0.189,0.584,1.4269999999999998,0,4.0,0.02500000037252903,0.11169154196977615,1.0,488,0.0488,0,94,0.0,0,500,0.0,13.975,250.0,93590.0
ariane_rv64_fast,cpu,C:\Users\Owner\OneDrive - Transatlantic Business Consulting Inc\General - TB Consulting\OT-Humber\ML-Driven PPA Optimization\ppa_framework_extracted\ppa_framework\features\graph\ariane_rv64_fast.pt,C:\Users\Owner\OneDrive - Transatlantic Business Consulting Inc\General - TB Consulting\OT-Humber\ML-Driven PPA Optimization\ppa_framework_extracted\ppa_framework\features\spatial\ariane_rv64_fast.npy,C:\Users\Owner\OneDrive - Transatlantic Business Consulting Inc\General - TB Consulting\OT-Humber\ML-Driven PPA Optimization\ppa_framework_extracted\ppa_framework\data\reports\ariane_rv64_fast\timing.rpt,2.0,-0.178,-0.674,459.14,-0.178,-0.1671,0.38,0.6511,4,2.0,0.02500000037252903,0.11412712186574936,1.0,477,0.0477,0,97,0.0,0,500,0.0,58.957,459.14,266466.2
ariane_rv64_nominal,cpu,C:\Users\Owner\OneDrive - Transatlantic Business Consulting Inc\General - TB Consulting\OT-Humber\ML-Driven PPA Optimization\ppa_framework_extracted\ppa_framework\features\graph\ariane_rv64_nominal.pt,C:\Users\Owner\OneDrive - Transatlantic Business Consulting Inc\General - TB Consulting\OT-Humber\ML-Driven PPA Optimization\ppa_framework_extracted\ppa_framework\features\spatial\ariane_rv64_nominal.npy,C:\Users\Owner\OneDrive - Transatlantic Business Consulting Inc\General - TB Consulting\OT-Humber\ML-Driven PPA Optimization\ppa_framework_extracted\ppa_framework\data\reports\ariane_rv64_nominal\timing.rpt,3.0,-0.031,-0.031,329.92,-0.031,0.09040000000000001,0.626,1.0851000000000004,1,3.0,0.02500000037252903,0.11368817090988159,1.0,479,0.0479,0,96,0.0,0,500,0.0,44.352999999999994,329.92,232104.6
ariane_rv64_relaxed,cpu,C:\Users\Owner\OneDrive - Transatlantic Business Consulting Inc\General - TB Consulting\OT-Humber\ML-Driven PPA Optimization\ppa_framework_extracted\ppa_framework\features\graph\ariane_rv64_relaxed.pt,C:\Users\Owner\OneDrive - Transatlantic Business Consulting Inc\General - TB Consulting\OT-Humber\ML-Driven PPA Optimization\ppa_framework_extracted\ppa_framework\features\spatial\ariane_rv64_relaxed.npy,C:\Users\Owner\OneDrive - Transatlantic Business Consulting Inc\General - TB Consulting\OT-Humber\ML-Driven PPA Optimization\ppa_framework_extracted\ppa_framework\data\reports\ariane_rv64_relaxed\timing.rpt,4.0,0.142,0.0,250.0,0.142,0.1632,0.725,1.5498000000000003,0,4.0,0.02500000037252903,0.11236102879047394,1.0,485,0.0485,0,88,0.0,0,500,0.0,36.137,250.0,177646.7
picorv32_fast,cpu,C:\Users\Owner\OneDrive - Transatlantic Business Consulting Inc\General - TB Consulting\OT-Humber\ML-Driven PPA Optimization\ppa_framework_extracted\ppa_framework\features\graph\picorv32_fast.pt,C:\Users\Owner\OneDrive - Transatlantic Business Consulting Inc\General - TB Consulting\OT-Humber\ML-Driven PPA Optimization\ppa_framework_extracted\ppa_framework\features\spatial\picorv32_fast.npy,C:\Users\Owner\OneDrive - Transatlantic Business Consulting Inc\General - TB Consulting\OT-Humber\ML-Driven PPA Optimization\ppa_framework_extracted\ppa_framework\data\reports\picorv32_fast\timing.rpt,2.0,-0.049,-0.212,488.04,-0.049,-0.0395,0.4435,0.7224,5,2.0,0.01666666753590107,0.0771002322435379,1.0,471,0.0471,0,91,0.0,0,500,0.0,19.399,488.04,83286.0
picorv32_nominal,cpu,C:\Users\Owner\OneDrive - Transatlantic Business Consulting Inc\General - TB Consulting\OT-Humber\ML-Driven PPA Optimization\ppa_framework_extracted\ppa_framework\features\graph\picorv32_nominal.pt,C:\Users\Owner\OneDrive - Transatlantic Business Consulting Inc\General - TB Consulting\OT-Humber\ML-Driven PPA Optimization\ppa_framework_extracted\ppa_framework\features\spatial\picorv32_nominal.npy,C:\Users\Owner\OneDrive - Transatlantic Business Consulting Inc\General - TB Consulting\OT-Humber\ML-Driven PPA Optimization\ppa_framework_extracted\ppa_framework\data\reports\picorv32_nominal\timing.rpt,3.0,-0.007,-0.007,332.56,-0.007,0.09660000000000005,0.465,0.973,1,3.0,0.02500000037252903,0.1143459677696228,1.0,476,0.0476,0,96,0.0,0,500,0.0,9.4179,332.56,66911.6
picorv32_relaxed,cpu,C:\Users\Owner\OneDrive - Transatlantic Business Consulting Inc\General - TB Consulting\OT-Humber\ML-Driven PPA Optimization\ppa_framework_extracted\ppa_framework\features\graph\picorv32_relaxed.pt,C:\Users\Owner\OneDrive - Transatlantic Business Consulting Inc\General - TB Consulting\OT-Humber\ML-Driven PPA Optimization\ppa_framework_extracted\ppa_framework\features\spatial\picorv32_relaxed.npy,C:\Users\Owner\OneDrive - Transatlantic Business Consulting Inc\General - TB Consulting\OT-Humber\ML-Driven PPA Optimization\ppa_framework_extracted\ppa_framework\data\reports\picorv32_relaxed\timing.rpt,4.0,-0.034,-0.034,247.89,-0.034,0.0594,0.687,1.3106,1,4.0,0.02500000037252903,0.11302654445171356,1.0,482,0.0482,0,85,0.0,0,500,0.0,9.601500000000001,247.89,48960.8
mor1kx_fast,cpu,C:\Users\Owner\OneDrive - Transatlantic Business Consulting Inc\General - TB Consulting\OT-Humber\ML-Driven PPA Optimization\ppa_framework_extracted\ppa_framework\features\graph\mor1kx_fast.pt,C:\Users\Owner\OneDrive - Transatlantic Business Consulting Inc\General - TB Consulting\OT-Humber\ML-Driven PPA Optimization\ppa_framework_extracted\ppa_framework\features\spatial\mor1kx_fast.npy,C:\Users\Owner\OneDrive - Transatlantic Business Consulting Inc\General - TB Consulting\OT-Humber\ML-Driven PPA Optimization\ppa_framework_extracted\ppa_framework\data\reports\mor1kx_fast\timing.rpt,2.0,-0.015,-0.043,496.28,-0.015,-0.0135,0.262,0.537,3,2.0,0.02500000037252903,0.1154339611530304,1.0,471,0.0471,0,93,0.0,0,500,0.0,35.184,496.28,171553.4
mor1kx_nominal,cpu,C:\Users\Owner\OneDrive - Transatlantic Business Consulting Inc\General - TB Consulting\OT-Humber\ML-Driven PPA Optimization\ppa_framework_extracted\ppa_framework\features\graph\mor1kx_nominal.pt,C:\Users\Owner\OneDrive - Transatlantic Business Consulting Inc\General - TB Consulting\OT-Humber\ML-Driven PPA Optimization\ppa_framework_extracted\ppa_framework\features\spatial\mor1kx_nominal.npy,C:\Users\Owner\OneDrive - Transatlantic Business Consulting Inc\General - TB Consulting\OT-Humber\ML-Driven PPA Optimization\ppa_framework_extracted\ppa_framework\data\reports\mor1kx_nominal\timing.rpt,3.0,-0.026,-0.1,330.47,-0.026,-0.024900000000000002,0.47050000000000003,0.9520000000000001,4,3.0,0.02500000037252903,0.11456438899040222,1.0,475,0.0475,0,79,0.0,0,500,0.0,24.056,330.47,139800.9
mor1kx_relaxed,cpu,C:\Users\Owner\OneDrive - Transatlantic Business Consulting Inc\General - TB Consulting\OT-Humber\ML-Driven PPA Optimization\ppa_framework_extracted\ppa_framework\features\graph\mor1kx_relaxed.pt,C:\Users\Owner\OneDrive - Transatlantic Business Consulting Inc\General - TB Consulting\OT-Humber\ML-Driven PPA Optimization\ppa_framework_extracted\ppa_framework\features\spatial\mor1kx_relaxed.npy,C:\Users\Owner\OneDrive - Transatlantic Business Consulting Inc\General - TB Consulting\OT-Humber\ML-Driven PPA Optimization\ppa_framework_extracted\ppa_framework\data\reports\mor1kx_relaxed\timing.rpt,4.0,-0.016,-0.029,249.0,-0.016,0.06440000000000001,0.768,1.4996,2,4.0,0.01666666753590107,0.07666666805744171,1.0,474,0.0474,0,93,0.0,0,500,0.0,18.134,249.0,90797.0
sram_ctrl_fast,memory,C:\Users\Owner\OneDrive - Transatlantic Business Consulting Inc\General - TB Consulting\OT-Humber\ML-Driven PPA Optimization\ppa_framework_extracted\ppa_framework\features\graph\sram_ctrl_fast.pt,C:\Users\Owner\OneDrive - Transatlantic Business Consulting Inc\General - TB Consulting\OT-Humber\ML-Driven PPA Optimization\ppa_framework_extracted\ppa_framework\features\spatial\sram_ctrl_fast.npy,C:\Users\Owner\OneDrive - Transatlantic Business Consulting Inc\General - TB Consulting\OT-Humber\ML-Driven PPA Optimization\ppa_framework_extracted\ppa_framework\data\reports\sram_ctrl_fast\timing.rpt,2.0,-0.243,-0.827,445.83,-0.243,-0.19,0.319,0.7442000000000001,4,2.0,0.02500000037252903,0.11412712186574936,1.0,477,0.0477,0,94,0.0,0,500,0.0,8.089300000000001,445.83,40113.9
sram_ctrl_nominal,memory,C:\Users\Owner\OneDrive - Transatlantic Business Consulting Inc\General - TB Consulting\OT-Humber\ML-Driven PPA Optimization\ppa_framework_extracted\ppa_framework\features\graph\sram_ctrl_nominal.pt,C:\Users\Owner\OneDrive - Transatlantic Business Consulting Inc\General - TB Consulting\OT-Humber\ML-Driven PPA Optimization\ppa_framework_extracted\ppa_framework\features\spatial\sram_ctrl_nominal.npy,C:\Users\Owner\OneDrive - Transatlantic Business Consulting Inc\General - TB Consulting\OT-Humber\ML-Driven PPA Optimization\ppa_framework_extracted\ppa_framework\data\reports\sram_ctrl_nominal\timing.rpt,3.0,-0.055,-0.158,327.33,-0.055,-0.051399999999999994,0.523,1.0212,3,3.0,0.02500000037252903,0.11280515044927597,1.0,483,0.0483,0,95,0.0,0,500,0.0,4.513299999999999,327.33,30552.7
sram_ctrl_relaxed,memory,C:\Users\Owner\OneDrive - Transatlantic Business Consulting Inc\General - TB Consulting\OT-Humber\ML-Driven PPA Optimization\ppa_framework_extracted\ppa_framework\features\graph\sram_ctrl_relaxed.pt,C:\Users\Owner\OneDrive - Transatlantic Business Consulting Inc\General - TB Consulting\OT-Humber\ML-Driven PPA Optimization\ppa_framework_extracted\ppa_framework\features\spatial\sram_ctrl_relaxed.npy,C:\Users\Owner\OneDrive - Transatlantic Business Consulting Inc\General - TB Consulting\OT-Humber\ML-Driven PPA Optimization\ppa_framework_extracted\ppa_framework\data\reports\sram_ctrl_relaxed\timing.rpt,4.0,0.071,0.0,250.0,0.071,0.1276,0.641,1.4894,0,4.0,0.02500000037252903,0.11390785872936249,1.0,478,0.0478,0,73,0.0,0,500,0.0,3.9664,250.0,19889.7
ddr_phy_ctrl_fast,memory,C:\Users\Owner\OneDrive - Transatlantic Business Consulting Inc\General - TB Consulting\OT-Humber\ML-Driven PPA Optimization\ppa_framework_extracted\ppa_framework\features\graph\ddr_phy_ctrl_fast.pt,C:\Users\Owner\OneDrive - Transatlantic Business Consulting Inc\General - TB Consulting\OT-Humber\ML-Driven PPA Optimization\ppa_framework_extracted\ppa_framework\features\spatial\ddr_phy_ctrl_fast.npy,C:\Users\Owner\OneDrive - Transatlantic Business Consulting Inc\General - TB Consulting\OT-Humber\ML-Driven PPA Optimization\ppa_framework_extracted\ppa_framework\data\reports\ddr_phy_ctrl_fast\timing.rpt,2.0,-0.043,-0.155,489.48,-0.043,-0.037,0.357,0.625,4,2.0,0.01666666753590107,0.0771002322435379,1.0,472,0.0472,0,94,0.0,0,500,0.0,24.232,489.48,99474.4
ddr_phy_ctrl_nominal,memory,C:\Users\Owner\OneDrive - Transatlantic Business Consulting Inc\General - TB Consulting\OT-Humber\ML-Driven PPA Optimization\ppa_framework_extracted\ppa_framework\features\graph\ddr_phy_ctrl_nominal.pt,C:\Users\Owner\OneDrive - Transatlantic Business Consulting Inc\General - TB Consulting\OT-Humber\ML-Driven PPA Optimization\ppa_framework_extracted\ppa_framework\features\spatial\ddr_phy_ctrl_nominal.npy,C:\Users\Owner\OneDrive - Transatlantic Business Consulting Inc\General - TB Consulting\OT-Humber\ML-Driven PPA Optimization\ppa_framework_extracted\ppa_framework\data\reports\ddr_phy_ctrl_nominal\timing.rpt,3.0,0.032,0.0,333.33,0.032,0.09340000000000001,0.43,1.1032000000000002,0,3.0,0.02500000037252903,0.11390785872936249,1.0,478,0.0478,0,100,0.0,0,500,0.0,15.845,333.33,70470.8
ddr_phy_ctrl_relaxed,memory,C:\Users\Owner\OneDrive - Transatlantic Business Consulting Inc\General - TB Consulting\OT-Humber\ML-Driven PPA Optimization\ppa_framework_extracted\ppa_framework\features\graph\ddr_phy_ctrl_relaxed.pt,C:\Users\Owner\OneDrive - Transatlantic Business Consulting Inc\General - TB Consulting\OT-Humber\ML-Driven PPA Optimization\ppa_framework_extracted\ppa_framework\features\spatial\ddr_phy_ctrl_relaxed.npy,C:\Users\Owner\OneDrive - Transatlantic Business Consulting Inc\General - TB Consulting\OT-Humber\ML-Driven PPA Optimization\ppa_framework_extracted\ppa_framework\data\reports\ddr_phy_ctrl_relaxed\timing.rpt,4.0,0.009,0.0,250.0,0.009,0.2048,0.475,1.3967999999999998,0,4.0,0.01666666753590107,0.07593857496976852,1.0,480,0.048,0,88,0.0,0,500,0.0,10.411,250.0,68047.1
fifo_async_fast,memory,C:\Users\Owner\OneDrive - Transatlantic Business Consulting Inc\General - TB Consulting\OT-Humber\ML-Driven PPA Optimization\ppa_framework_extracted\ppa_framework\features\graph\fifo_async_fast.pt,C:\Users\Owner\OneDrive - Transatlantic Business Consulting Inc\General - TB Consulting\OT-Humber\ML-Driven PPA Optimization\ppa_framework_extracted\ppa_framework\features\spatial\fifo_async_fast.npy,C:\Users\Owner\OneDrive - Transatlantic Business Consulting Inc\General - TB Consulting\OT-Humber\ML-Driven PPA Optimization\ppa_framework_extracted\ppa_framework\data\reports\fifo_async_fast\timing.rpt,2.0,0.099,0.0,500.0,0.099,0.1754,0.461,0.7365999999999999,0,2.0,0.02500000037252903,0.1147824078798294,1.0,474,0.0474,0,104,0.0,0,500,0.0,4.377800000000001,500.0,21255.4
fifo_async_nominal,memory,C:\Users\Owner\OneDrive - Transatlantic Business Consulting Inc\General - TB Consulting\OT-Humber\ML-Driven PPA Optimization\ppa_framework_extracted\ppa_framework\features\graph\fifo_async_nominal.pt,C:\Users\Owner\OneDrive - Transatlantic Business Consulting Inc\General - TB Consulting\OT-Humber\ML-Driven PPA Optimization\ppa_framework_extracted\ppa_framework\features\spatial\fifo_async_nominal.npy,C:\Users\Owner\OneDrive - Transatlantic Business Consulting Inc\General - TB Consulting\OT-Humber\ML-Driven PPA Optimization\ppa_framework_extracted\ppa_framework\data\reports\fifo_async_nominal\timing.rpt,3.0,-0.009,-0.009,332.34,-0.009,0.0765,0.646,1.0835,1,3.0,0.02500000037252903,0.1147824078798294,1.0,474,0.0474,0,106,0.0,0,500,0.0,2.8987000000000003,332.34,15491.2
fifo_async_relaxed,memory,C:\Users\Owner\OneDrive - Transatlantic Business Consulting Inc\General - TB Consulting\OT-Humber\ML-Driven PPA Optimization\ppa_framework_extracted\ppa_framework\features\graph\fifo_async_relaxed.pt,C:\Users\Owner\OneDrive - Transatlantic Business Consulting Inc\General - TB Consulting\OT-Humber\ML-Driven PPA Optimization\ppa_framework_extracted\ppa_framework\features\spatial\fifo_async_relaxed.npy,C:\Users\Owner\OneDrive - Transatlantic Business Consulting Inc\General - TB Consulting\OT-Humber\ML-Driven PPA Optimization\ppa_framework_extracted\ppa_framework\data\reports\fifo_async_relaxed\timing.rpt,4.0,0.056,0.0,250.0,0.056,0.0596,0.43999999999999995,1.4043999999999999,0,4.0,0.01666666753590107,0.07505553960800171,1.0,485,0.0485,0,92,0.0,0,500,0.0,1.7979,250.0,11412.7
cache_ctrl_4way_fast,memory,C:\Users\Owner\OneDrive - Transatlantic Business Consulting Inc\General - TB Consulting\OT-Humber\ML-Driven PPA Optimization\ppa_framework_extracted\ppa_framework\features\graph\cache_ctrl_4way_fast.pt,C:\Users\Owner\OneDrive - Transatlantic Business Consulting Inc\General - TB Consulting\OT-Humber\ML-Driven PPA Optimization\ppa_framework_extracted\ppa_framework\features\spatial\cache_ctrl_4way_fast.npy,C:\Users\Owner\OneDrive - Transatlantic Business Consulting Inc\General - TB Consulting\OT-Humber\ML-Driven PPA Optimization\ppa_framework_extracted\ppa_framework\data\reports\cache_ctrl_4way_fast\timing.rpt,2.0,-0.281,-1.029,438.4,-0.281,-0.2418,0.345,0.677,4,2.0,0.02500000037252903,0.1147824078798294,1.0,474,0.0474,0,94,0.0,0,500,0.0,18.188,438.4,70132.8
cache_ctrl_4way_nominal,memory,C:\Users\Owner\OneDrive - Transatlantic Business Consulting Inc\General - TB Consulting\OT-Humber\ML-Driven PPA Optimization\ppa_framework_extracted\ppa_framework\features\graph\cache_ctrl_4way_nominal.pt,C:\Users\Owner\OneDrive - Transatlantic Business Consulting Inc\General - TB Consulting\OT-Humber\ML-Driven PPA Optimization\ppa_framework_extracted\ppa_framework\features\spatial\cache_ctrl_4way_nominal.npy,C:\Users\Owner\OneDrive - Transatlantic Business Consulting Inc\General - TB Consulting\OT-Humber\ML-Driven PPA Optimization\ppa_framework_extracted\ppa_framework\data\reports\cache_ctrl_4way_nominal\timing.rpt,3.0,-0.054,-0.156,327.44,-0.054,-0.051000000000000004,0.444,0.933,3,3.0,0.01666666939854622,0.07681146264076233,1.0,475,0.0475,0,98,0.0,0,500,0.0,9.2236,327.44,72445.3
cache_ctrl_4way_relaxed,memory,C:\Users\Owner\OneDrive - Transatlantic Business Consulting Inc\General - TB Consulting\OT-Humber\ML-Driven PPA Optimization\ppa_framework_extracted\ppa_framework\features\graph\cache_ctrl_4way_relaxed.pt,C:\Users\Owner\OneDrive - Transatlantic Business Consulting Inc\General - TB Consulting\OT-Humber\ML-Driven PPA Optimization\ppa_framework_extracted\ppa_framework\features\spatial\cache_ctrl_4way_relaxed.npy,C:\Users\Owner\OneDrive - Transatlantic Business Consulting Inc\General - TB Consulting\OT-Humber\ML-Driven PPA Optimization\ppa_framework_extracted\ppa_framework\data\reports\cache_ctrl_4way_relaxed\timing.rpt,4.0,0.028,0.0,250.0,0.028,0.11410000000000002,0.5429999999999999,1.4377,0,4.0,0.02500000037252903,0.1121383085846901,1.0,486,0.0486,0,89,0.0,0,500,0.0,9.3427,250.0,52267.1
